what is calibration,,
what is calibration,,
what is keystone,,
what is calibration,,
what is calibration,,
what is projector,,
y,,
what is calibration,,
what is calibration,,
what is 다음 파일의,,
what is 센서-스크린,,
what is 센서-스크린,,
search hauptsystemversion,,
de,,
search 音频,,
zh,,
what is calibration,,
what is keystone,,
what is keystone,,
what is keystone,,
what is colibration,,
search keystone,,
what is calibration,,
what is keystone,,
what is 센서-스크린,,
교정이란 무엇입니까?,,
what is calibration,,
what is calibration,,
교정 을 찾고 싶습니다,,
교정 을 찾고 싶습니다,,
렌즈 재설정,,
렌즈 재설정,,
교정 을 찾고 싶습니다,,
초점,,
줌,,
파일 셋업,,
automatique,,
automatique,,
파일 셋업,,
줌,,
通道映射,,
grün,,
automatique,,
파일 셋업,,
音频输出率,,
音频输出率,,
モデル,,
レターボックス,,
画面調整,,
줌,,
通道映射,,
what is sensor to screen calibration,,
quiero buscar [programie],,
亮度,,
音频延迟,,
grün,,
paramètres généraux,,
未補正の最大ドライブレベル (rgb スライダーから),,
серийный номер проекта,,
настройка аудио,,
ip 地址,,
ip 地址,,
端口,,
